"SamplePrep","Gene","R_squared","Slope","Average_Cq","Std_Dev_Cq","Avg_Cq_Template_4","Std_Dev_Template_4","Avg_Cq_Template_2","Std_Dev_Template_2","Avg_Cq_Template_1","Std_Dev_Template_1"
"Method A","Gene 1",0.959007818128927,-4.88187027808002,22.8943054305275,4.45882219968202,18.5100327448724,0.892346184147716,21.8991102456777,0.508360595893357,28.2737733010324,0.221121727148176
"Method A","Gene 2",0.663361356681689,-2.8288533696373,21.8824119246287,3.10656429253658,19.0152542358892,1.28209515197675,21.9590205628329,3.52017983460594,24.6729609751638,1.48021021265636
"Method B","Gene 1",0.157109632485363,-0.644928560609578,22.0912531633959,1.45530893988055,21.1876845873971,1.96030037200752,22.6085331941744,0.547537900335845,22.4775417086163,1.99513858360718
"Method B","Gene 2",0.799153068688069,-1.85995203890831,21.0626233985307,1.86093735357812,19.4833809869054,1.30013010860865,20.5012041439648,0.782361384868913,23.203285064722,0.479322905271769
"Method C","Gene 1",0.787600032452246,-4.28163405778859,21.5983685225991,4.31520743241998,18.5283338499873,1.10084135295602,19.1751697522456,0.775775863455828,27.0916019655645,0.588352265378214
"Method C","Gene 2",0.905600887833918,-3.13958410306763,23.1382910742667,2.95086060942333,20.3045977090099,0.63875680176382,22.5265095986452,1.5791852013581,26.5837659151451,0.292014462933648
