"Target","F_Value","P_Value"
"Target 1",0.821073704093423,0.41611387177268
